C00_V0000.mp4,0
C00_V0000.mp4,96
C00_V0000.mp4,206
C00_V0000.mp4,378
C00_V0000.mp4,545
C00_V0000.mp4,577
C00_V0000.mp4,704
C00_V0000.mp4,794
C00_V0000.mp4,828
C00_V0000.mp4,953
C00_V0000.mp4,1060
C00_V0000.mp4,1149
C00_V0000.mp4,1321
C00_V0000.mp4,1496
C00_V0000.mp4,1596
C00_V0000.mp4,1697
C00_V0000.mp4,1804
C00_V0000.mp4,1840
C00_V0000.mp4,1987
C00_V0000.mp4,2126
C00_V0000.mp4,2149
C00_V0000.mp4,2324
C00_V0000.mp4,2499
C00_V0000.mp4,2672
C00_V0000.mp4,2762
C00_V0000.mp4,2798
C00_V0000.mp4,2900
C00_V0000.mp4,2970
C00_V0000.mp4,3134
C00_V0000.mp4,3309
C00_V0000.mp4,3409
C00_V0000.mp4,3514
C00_V0000.mp4,3591
C00_V0000.mp4,3761
C00_V0000.mp4,3809
C00_V0000.mp4,3891
C00_V0000.mp4,3946
C00_V0000.mp4,3996
C00_V0000.mp4,4072
C00_V0000.mp4,4125
C00_V0000.mp4,4192
C00_V0000.mp4,4240
C00_V0000.mp4,4299
C00_V0000.mp4,4391
C00_V0000.mp4,4488
C00_V0000.mp4,4661
C00_V0000.mp4,4752
C00_V0000.mp4,4885
C00_V0000.mp4,4992
C00_V0000.mp4,5076
C00_V0000.mp4,5251
C00_V0000.mp4,5342
C00_V0000.mp4,5447
C00_V0000.mp4,5522
C00_V0000.mp4,5644
C00_V0000.mp4,5763
C00_V0000.mp4,5936
C00_V0000.mp4,6072
C00_V0000.mp4,6247
C00_V0000.mp4,6330
C00_V0000.mp4,6505
C00_V0000.mp4,6680
C00_V0000.mp4,6855
C00_V0000.mp4,7005
C00_V0000.mp4,7136
C00_V0000.mp4,7211
C00_V0000.mp4,7386
C00_V0000.mp4,7561
C00_V0000.mp4,7736
C00_V0000.mp4,7824
C00_V0000.mp4,7949
C00_V0000.mp4,8024
C00_V0000.mp4,8094
C00_V0000.mp4,8168
C00_V0000.mp4,8224
C00_V0000.mp4,8320
C00_V0000.mp4,8420
C00_V0000.mp4,8503
C00_V0000.mp4,8594
C00_V0000.mp4,8640
C00_V0000.mp4,8725
C00_V0000.mp4,8800
C00_V0000.mp4,8864
C00_V0000.mp4,8927
C00_V0000.mp4,9002
C00_V0000.mp4,9149
C00_V0000.mp4,9182
C00_V0000.mp4,9307
C00_V0000.mp4,9441
C00_V0000.mp4,9616
C00_V0000.mp4,9741
C00_V0000.mp4,9875
C00_V0000.mp4,10025
C00_V0000.mp4,10102
C00_V0000.mp4,10265
C00_V0000.mp4,10440
C00_V0000.mp4,10540
C00_V0000.mp4,10700
C00_V0000.mp4,10800
C00_V0000.mp4,10962
