000000.jpg,0
000064.jpg,64
000076.jpg,76
000136.jpg,136
000139.jpg,139
000140.jpg,140
000143.jpg,143
000146.jpg,146
000152.jpg,152
000160.jpg,160
000181.jpg,181
000320.jpg,320
000480.jpg,480
000640.jpg,640
000800.jpg,800
000960.jpg,960
001120.jpg,1120
001280.jpg,1280
001289.jpg,1289
001384.jpg,1384
001440.jpg,1440
001600.jpg,1600
001760.jpg,1760
001920.jpg,1920
002080.jpg,2080
002171.jpg,2171
002222.jpg,2222
002240.jpg,2240
002303.jpg,2303
002400.jpg,2400
002415.jpg,2415
002497.jpg,2497
002560.jpg,2560
002590.jpg,2590
002671.jpg,2671
002715.jpg,2715
002720.jpg,2720
002737.jpg,2737
002794.jpg,2794
002821.jpg,2821
002865.jpg,2865
002880.jpg,2880
002884.jpg,2884
002924.jpg,2924
002966.jpg,2966
003040.jpg,3040
003050.jpg,3050
003200.jpg,3200
003299.jpg,3299
003360.jpg,3360
003517.jpg,3517
003520.jpg,3520
003680.jpg,3680
003840.jpg,3840
004000.jpg,4000
004160.jpg,4160
004275.jpg,4275
004320.jpg,4320
004342.jpg,4342
004406.jpg,4406
004471.jpg,4471
004480.jpg,4480
004579.jpg,4579
004637.jpg,4637
004640.jpg,4640
004701.jpg,4701
004762.jpg,4762
004800.jpg,4800
004827.jpg,4827
004885.jpg,4885
004919.jpg,4919
004960.jpg,4960
005120.jpg,5120
005207.jpg,5207
005260.jpg,5260
005280.jpg,5280
005440.jpg,5440
005600.jpg,5600
005710.jpg,5710
005760.jpg,5760
005787.jpg,5787
005920.jpg,5920
006065.jpg,6065
006080.jpg,6080
006135.jpg,6135
006237.jpg,6237
006240.jpg,6240
006400.jpg,6400
006545.jpg,6545
006560.jpg,6560
006720.jpg,6720
006880.jpg,6880
006947.jpg,6947
006995.jpg,6995
007040.jpg,7040
007053.jpg,7053
007107.jpg,7107
007200.jpg,7200
007267.jpg,7267
007360.jpg,7360
007443.jpg,7443
007490.jpg,7490
007520.jpg,7520
007546.jpg,7546
007680.jpg,7680
007840.jpg,7840
008000.jpg,8000
008009.jpg,8009
008145.jpg,8145
008160.jpg,8160
008215.jpg,8215
008224.jpg,8224
008320.jpg,8320
008480.jpg,8480
008640.jpg,8640
008800.jpg,8800
008829.jpg,8829
008956.jpg,8956
008960.jpg,8960
009095.jpg,9095
009120.jpg,9120
009280.jpg,9280
009440.jpg,9440
009600.jpg,9600
009760.jpg,9760
009920.jpg,9920
010080.jpg,10080
010205.jpg,10205
010240.jpg,10240
010287.jpg,10287
010341.jpg,10341
010400.jpg,10400
010444.jpg,10444
010477.jpg,10477
010513.jpg,10513
010541.jpg,10541
010560.jpg,10560
010720.jpg,10720
010796.jpg,10796
010840.jpg,10840
010880.jpg,10880
010927.jpg,10927
010985.jpg,10985
011040.jpg,11040
011084.jpg,11084
011138.jpg,11138
011177.jpg,11177
011200.jpg,11200
011215.jpg,11215
011223.jpg,11223
011254.jpg,11254
011339.jpg,11339
011360.jpg,11360
011401.jpg,11401
011465.jpg,11465
011520.jpg,11520
011559.jpg,11559
011680.jpg,11680
011751.jpg,11751
011803.jpg,11803
011817.jpg,11817
011840.jpg,11840
011842.jpg,11842
011901.jpg,11901
011972.jpg,11972
011995.jpg,11995
012000.jpg,12000
012022.jpg,12022
012160.jpg,12160
012320.jpg,12320
012480.jpg,12480
012640.jpg,12640
012800.jpg,12800
012960.jpg,12960
012986.jpg,12986
013045.jpg,13045
013109.jpg,13109
013120.jpg,13120
013280.jpg,13280
013440.jpg,13440
013600.jpg,13600
013760.jpg,13760
013920.jpg,13920
014080.jpg,14080
014240.jpg,14240
014400.jpg,14400
014560.jpg,14560
014720.jpg,14720
014880.jpg,14880
015040.jpg,15040
015200.jpg,15200
015286.jpg,15286
015360.jpg,15360
015370.jpg,15370
015520.jpg,15520
015527.jpg,15527
015619.jpg,15619
015680.jpg,15680
015769.jpg,15769
015840.jpg,15840
016000.jpg,16000
016160.jpg,16160
016320.jpg,16320
016373.jpg,16373
016439.jpg,16439
016480.jpg,16480
016516.jpg,16516
016640.jpg,16640
016724.jpg,16724
016787.jpg,16787
016800.jpg,16800
016947.jpg,16947
016960.jpg,16960
017026.jpg,17026
017120.jpg,17120
017280.jpg,17280
017419.jpg,17419
017440.jpg,17440
017461.jpg,17461
017519.jpg,17519
017600.jpg,17600
017612.jpg,17612
017760.jpg,17760
017837.jpg,17837
017920.jpg,17920
018080.jpg,18080
018236.jpg,18236
018240.jpg,18240
018400.jpg,18400
018560.jpg,18560
018720.jpg,18720
018812.jpg,18812
018880.jpg,18880
018935.jpg,18935
019040.jpg,19040
019200.jpg,19200
019357.jpg,19357
019360.jpg,19360
019421.jpg,19421
019490.jpg,19490
019520.jpg,19520
019680.jpg,19680
019840.jpg,19840
020000.jpg,20000
020090.jpg,20090
020160.jpg,20160
020253.jpg,20253
020320.jpg,20320
020371.jpg,20371
020437.jpg,20437
020480.jpg,20480
020489.jpg,20489
020560.jpg,20560
020640.jpg,20640
020714.jpg,20714
020783.jpg,20783
020800.jpg,20800
020929.jpg,20929
020960.jpg,20960
020981.jpg,20981
021023.jpg,21023
021076.jpg,21076
021120.jpg,21120
021280.jpg,21280
021307.jpg,21307
021340.jpg,21340
021381.jpg,21381
021440.jpg,21440
021600.jpg,21600
021760.jpg,21760
021866.jpg,21866
021920.jpg,21920
022080.jpg,22080
022220.jpg,22220
022240.jpg,22240
022294.jpg,22294
022366.jpg,22366
022400.jpg,22400
022478.jpg,22478
022551.jpg,22551
022560.jpg,22560
022705.jpg,22705
022720.jpg,22720
022777.jpg,22777
022880.jpg,22880
022907.jpg,22907
022965.jpg,22965
023020.jpg,23020
023040.jpg,23040
023132.jpg,23132
023200.jpg,23200
023224.jpg,23224
023351.jpg,23351
023360.jpg,23360
023427.jpg,23427
023520.jpg,23520
023680.jpg,23680
023840.jpg,23840
024000.jpg,24000
024160.jpg,24160
024161.jpg,24161
024320.jpg,24320
024436.jpg,24436
024480.jpg,24480
024569.jpg,24569
024640.jpg,24640
024645.jpg,24645
024709.jpg,24709
024777.jpg,24777
024800.jpg,24800
024837.jpg,24837
024897.jpg,24897
024960.jpg,24960
025120.jpg,25120
025226.jpg,25226
025280.jpg,25280
025343.jpg,25343
025440.jpg,25440
025600.jpg,25600
025760.jpg,25760
025920.jpg,25920
025977.jpg,25977
026080.jpg,26080
026240.jpg,26240
026400.jpg,26400
026560.jpg,26560
026720.jpg,26720
026880.jpg,26880
026939.jpg,26939
027023.jpg,27023
027040.jpg,27040
027083.jpg,27083
027145.jpg,27145
027200.jpg,27200
027217.jpg,27217
027307.jpg,27307
027360.jpg,27360
027465.jpg,27465
027520.jpg,27520
027532.jpg,27532
027599.jpg,27599
027671.jpg,27671
027680.jpg,27680
027764.jpg,27764
027840.jpg,27840
028000.jpg,28000
028112.jpg,28112
028160.jpg,28160
028181.jpg,28181
028273.jpg,28273
028320.jpg,28320
028480.jpg,28480
028640.jpg,28640
028800.jpg,28800
028960.jpg,28960
029120.jpg,29120
029280.jpg,29280
029440.jpg,29440
029600.jpg,29600
029760.jpg,29760
029877.jpg,29877
029920.jpg,29920
030059.jpg,30059
030080.jpg,30080
030240.jpg,30240
030326.jpg,30326
030400.jpg,30400
030413.jpg,30413
030496.jpg,30496
030553.jpg,30553
030560.jpg,30560
030616.jpg,30616
030704.jpg,30704
030720.jpg,30720
030880.jpg,30880
031040.jpg,31040
031200.jpg,31200
031360.jpg,31360
031520.jpg,31520
031629.jpg,31629
031680.jpg,31680
031804.jpg,31804
031840.jpg,31840
031978.jpg,31978
032000.jpg,32000
032160.jpg,32160
032320.jpg,32320
032480.jpg,32480
032640.jpg,32640
032800.jpg,32800
032960.jpg,32960
033120.jpg,33120
033146.jpg,33146
033251.jpg,33251
033280.jpg,33280
033440.jpg,33440
033513.jpg,33513
033600.jpg,33600
033760.jpg,33760
033778.jpg,33778
033868.jpg,33868
033920.jpg,33920
034080.jpg,34080
034240.jpg,34240
034280.jpg,34280
034370.jpg,34370
034400.jpg,34400
034544.jpg,34544
034560.jpg,34560
034720.jpg,34720
034880.jpg,34880
034924.jpg,34924
035000.jpg,35000
035040.jpg,35040
035200.jpg,35200
035360.jpg,35360
035520.jpg,35520
035680.jpg,35680
035840.jpg,35840
035914.jpg,35914
036000.jpg,36000
036053.jpg,36053
036142.jpg,36142
036160.jpg,36160
036223.jpg,36223
036320.jpg,36320
036480.jpg,36480
036640.jpg,36640
036800.jpg,36800
036960.jpg,36960
037120.jpg,37120
037280.jpg,37280
037440.jpg,37440
037600.jpg,37600
037647.jpg,37647
037760.jpg,37760
037920.jpg,37920
037931.jpg,37931
038035.jpg,38035
038080.jpg,38080
038200.jpg,38200
038240.jpg,38240
038400.jpg,38400
038511.jpg,38511
038560.jpg,38560
038720.jpg,38720
038795.jpg,38795
038880.jpg,38880
038899.jpg,38899
039040.jpg,39040
039133.jpg,39133
039200.jpg,39200
039360.jpg,39360
039483.jpg,39483
039520.jpg,39520
039680.jpg,39680
039840.jpg,39840
040000.jpg,40000
040003.jpg,40003
040145.jpg,40145
040160.jpg,40160
040320.jpg,40320
040480.jpg,40480
040640.jpg,40640
040800.jpg,40800
040960.jpg,40960
041120.jpg,41120
041210.jpg,41210
041280.jpg,41280
041305.jpg,41305
041407.jpg,41407
041440.jpg,41440
041462.jpg,41462
041535.jpg,41535
041597.jpg,41597
041600.jpg,41600
041655.jpg,41655
041743.jpg,41743
041760.jpg,41760
041827.jpg,41827
041920.jpg,41920
042005.jpg,42005
042080.jpg,42080
042240.jpg,42240
042400.jpg,42400
042560.jpg,42560
042720.jpg,42720
042880.jpg,42880
043040.jpg,43040
043200.jpg,43200
043360.jpg,43360
043520.jpg,43520
043680.jpg,43680
043840.jpg,43840
044000.jpg,44000
044160.jpg,44160
044320.jpg,44320
044480.jpg,44480
044640.jpg,44640
044800.jpg,44800
044960.jpg,44960
045115.jpg,45115
045120.jpg,45120
045280.jpg,45280
045440.jpg,45440
045600.jpg,45600
045760.jpg,45760
045920.jpg,45920
046029.jpg,46029
046080.jpg,46080
046106.jpg,46106
046181.jpg,46181
046240.jpg,46240
046268.jpg,46268
046400.jpg,46400
046443.jpg,46443
046560.jpg,46560
046600.jpg,46600
046649.jpg,46649
046699.jpg,46699
046720.jpg,46720
046880.jpg,46880
047040.jpg,47040
047200.jpg,47200
047347.jpg,47347
047360.jpg,47360
047445.jpg,47445
047517.jpg,47517
047520.jpg,47520
047578.jpg,47578
047650.jpg,47650
047680.jpg,47680
047695.jpg,47695
047781.jpg,47781
047840.jpg,47840
047985.jpg,47985
048000.jpg,48000
048059.jpg,48059
048160.jpg,48160
048161.jpg,48161
048320.jpg,48320
048416.jpg,48416
048480.jpg,48480
048640.jpg,48640
048758.jpg,48758
048800.jpg,48800
048960.jpg,48960
048965.jpg,48965
049010.jpg,49010
049052.jpg,49052
049095.jpg,49095
049120.jpg,49120
049215.jpg,49215
049258.jpg,49258
049280.jpg,49280
049305.jpg,49305
049396.jpg,49396
049440.jpg,49440
049474.jpg,49474
049547.jpg,49547
049591.jpg,49591
049600.jpg,49600
049636.jpg,49636
049670.jpg,49670
049760.jpg,49760
049831.jpg,49831
049879.jpg,49879
049920.jpg,49920
049922.jpg,49922
050080.jpg,50080
050240.jpg,50240
050369.jpg,50369
050400.jpg,50400
050464.jpg,50464
050553.jpg,50553
050560.jpg,50560
050627.jpg,50627
050720.jpg,50720
050880.jpg,50880
050929.jpg,50929
051017.jpg,51017
051040.jpg,51040
051200.jpg,51200
051360.jpg,51360
051520.jpg,51520
051597.jpg,51597
051680.jpg,51680
051837.jpg,51837
051840.jpg,51840
051897.jpg,51897
051957.jpg,51957
052000.jpg,52000
052017.jpg,52017
052160.jpg,52160
052257.jpg,52257
052320.jpg,52320
052377.jpg,52377
052437.jpg,52437
052480.jpg,52480
052497.jpg,52497
052557.jpg,52557
052640.jpg,52640
052677.jpg,52677
052737.jpg,52737
052800.jpg,52800
052849.jpg,52849
052960.jpg,52960
053120.jpg,53120
053168.jpg,53168
053170.jpg,53170
053172.jpg,53172
053280.jpg,53280
